Id,SalePrice
1461,-113206.54451891096
1462,-17839226.613290597
1463,348201.04653207597
1464,325879.4215444299
1465,-152739.97862946673
1466,235621.75154087297
1467,576017.7937811753
1468,527435.551235276
1469,668198.573366688
1470,-966674.0558214175
1471,454960.804415891
1472,-1311044.8892723126
1473,-235067.19659130165
1474,727455.2480324383
1475,399179.2696375353
1476,74138.25187012872
1477,-87120.25907203107
1478,197709.37732784188
1479,-364127.2027209517
1480,197964.2901785125
1481,361940.28881021816
1482,395295.4765515056
1483,272615.0236344778
1484,310120.62136385014
1485,-317438.4204378173
1486,263724.08645023906
1487,-220148.94739654317
1488,43708.43114869746
1489,114885.47637851587
1490,-474426.36006801564
1491,595106.3548933819
1492,-296983.35285616916
1493,-524896.8297573655
1494,-72738.01755232399
1495,42073.69062935213
1496,28920.12617434656
1497,65948.13218462498
1498,641656.7627967773
1499,-521003.128640934
1500,-509289.4851611153
1501,-179751.65282584535
1502,6172.710928949076
1503,1034122.8703557793
1504,43113.75874132618
1505,70183.85379637954
1506,-23400.103229247135
1507,1088263.3749385895
1508,150639.01618281426
1509,490077.7544014906
1510,485033.6217117254
1511,773284.5616428974
1512,-211075.68409390812
1513,-1436779.0514336359
1514,319264.63924066303
1515,452156.32628089184
1516,22930.490100520445
1517,-456997.94397425686
1518,26760.188360659304
1519,-64220.52410869929
1520,-700925.9374024075
1521,548278.9216794234
1522,-66298.91065984464
1523,-635066.9902396711
1524,393437.19038648496
1525,435482.3369813258
1526,1210185.7388265599
1527,-263359.37673826487
1528,-882597.2144998878
1529,-415240.79225211946
1530,764373.8200945816
1531,-2864195.0378796426
1532,-159956.6979072797
1533,-713216.3314521491
1534,460696.10794276133
1535,-167071.69955667373
1536,-651377.3066722538
1537,1357878.3147563832
1538,1065838.6596916185
1539,1437641.0293444577
1540,1613113.2406122824
1541,1050697.7638639356
1542,-49700.591830610065
1543,-145241.57162639662
1544,-358231.86747915664
1545,-258992.8067226159
1546,-1305325.3915602057
1547,-1261889.5019929772
1548,-272621.000183357
1549,-174255.3348882743
1550,-481385.5227153173
1551,417764.3690111695
1552,27561.733923002044
1553,413735.83911316615
1554,52866.72579903646
1555,-305740.1935782086
1556,214378.7314393116
1557,1202757.6606645356
1558,268113.4373505195
1559,738934.8464579869
1560,-394712.66716101754
1561,-355125.5710795604
1562,-813756.8674058538
1563,-201504.91952038737
1564,-218645.3361123915
1565,286313.8585918909
1566,607343.7517577396
1567,339783.12703521183
1568,-36305.80955466803
1569,-713920.2463001696
1570,-1129708.9274384645
1571,1509034.6091560628
1572,1182632.7704429827
1573,570283.3187424178
1574,-328920.63671331713
1575,-525202.2414436864
1576,142400.42146303307
1577,-88643.26229667093
1578,244446.79120886337
1579,1759079.7391380318
1580,110809.13473869402
1581,-753078.2368799521
1582,777827.9138277571
1583,3109.1733669939713
1584,427963.7410273718
1585,484289.68412478646
1586,1900153.3314004866
1587,168221.34179042792
1588,136943.88075251703
1589,-1080092.352294636
1590,293578.9488179699
1591,894877.7434064081
1592,516607.01162220835
1593,-126346.90604389962
1594,-17257804.952670023
1595,195257.91602276184
1596,251145.1937325113
1597,277385.680297708
1598,-552465.9091420063
1599,457336.8968106063
1600,598669.9710733071
1601,1216152.7866821582
1602,-48608.82242669308
1603,-583358.0367986051
1604,-472874.80526508193
1605,420864.9017870962
1606,-92718.83615575661
1607,1380058.4528019815
1608,-893925.0436369369
1609,-970394.8577549102
1610,-674286.1650184268
1611,666763.6848973214
1612,294905.8443524918
1613,622968.185672013
1614,-617169.1662904365
1615,37198.38318200644
1616,529406.1663053224
1617,655183.8099874503
1618,1251333.134877765
1619,915318.1453694974
1620,-3279766.8270121277
1621,-68731.29982819618
1622,-71970.07965697523
1623,49633.89745627077
1624,1243750.5958378143
1625,919703.5312552636
1626,475524.33071768103
1627,553377.0748856287
1628,309214.9285223666
1629,-838883.8129303186
1630,225816.39866927903
1631,484952.95449713693
1632,103955.41331537628
1633,-428115.5305740942
1634,575336.6415754315
1635,90790.33678481735
1636,389935.4196464036
1637,-113991.92024885144
1638,-273954.93084602366
1639,711182.6843973149
1640,96672.18308250392
1641,86761.43867198676
1642,303916.46148659603
1643,-170279.1939221781
1644,126071.62670823013
1645,-626465.6502378291
1646,158921.1770504451
1647,770669.1147850815
1648,-1287712.0702439067
1649,68849.23513389904
1650,636385.9599881759
1651,606007.9530018771
1652,-773.6459057976463
1653,-198951.2132066568
1654,684035.7143871848
1655,122471.7009405459
1656,734563.7055210508
1657,459439.7946598635
1658,880418.4255902184
1659,483224.12087479996
1660,-978846.3114627112
1661,329317.94877640175
1662,153512.40328076656
1663,479293.46101768845
1664,1935830.9327058578
1665,300066.7670813711
1666,585661.6936314111
1667,377070.9468743275
1668,570728.0397596785
1669,494580.62599487737
1670,169425.7191559219
1671,327131.9229427628
1672,43120.71257877613
1673,201291.32268925593
1674,153484.08358295285
1675,488706.1767873066
1676,45214.45626561997
1677,140065.6130600656
1678,-186864.35040921037
1679,300390.58472381707
1680,158821.86941719073
1681,355999.3235780112
1682,446428.9537470048
1683,380512.9535703379
1684,528352.931500627
1685,749971.0979929054
1686,405089.4575598916
1687,457786.49527104927
1688,259462.43459287577
1689,1065937.1197245792
1690,368863.74766691116
1691,363939.8272103376
1692,160227.98700417386
1693,-1586914.595473629
1694,417819.9062828336
1695,-275786.42787813296
1696,-60042.01406745578
1697,-306697.4704911169
1698,527619.9734792898
1699,119359.21500736744
1700,274275.35462446307
1701,-130790.08748552194
1702,645166.543604284
1703,332534.883218341
1704,186277.73083753948
1705,357876.1198531663
1706,369150.7541118285
1707,-39378.58589011438
1708,327342.0450878601
1709,270027.7722678088
1710,-219863.76131601346
1711,592822.5227186673
1712,114762.07360604957
1713,59939.754090753806
1714,205411.02929086977
1715,-36729.039663111675
1716,-85068.38765094697
1717,46295.992356686926
1718,400171.7868519989
1719,131766.93178004422
1720,-932300.9405839851
1721,85912.1223633758
1722,141776.95183821698
1723,29380.81679956925
1724,-16238.795799633386
1725,-192304.49315931468
1726,-1315375.8745949706
1727,115547.58970737738
1728,134608.03077720222
1729,455067.2638548575
1730,868051.286439932
1731,102434.33366726084
1732,-400866.97555432044
1733,190952.51424624037
1734,-138646.01062207218
1735,-517299.1500562015
1736,-289779.70180771296
1737,-141720.27772302687
1738,519151.9623166108
1739,471509.09033013525
1740,-425421.03260833997
1741,-423294.1276580629
1742,162196.81377204193
1743,470643.78731712076
1744,2121540.0911245653
1745,400735.4578756092
1746,-730553.2735367172
1747,566399.6547135266
1748,-122433.74464810747
1749,-1067316.0033162874
1750,453383.5505126819
1751,-118065.15933563866
1752,-212882.93304658396
1753,-724511.28313642
1754,-2208746.760671366
1755,443089.7172714294
1756,1015840.6155323829
1757,428411.88293422334
1758,258528.7640240281
1759,1648438.1865319451
1760,82047.78600703036
1761,-1138972.3368673073
1762,480011.4599076667
1763,36001.138107852734
1764,127848.71466338089
1765,1611959.997876856
1766,-278973.2103554265
1767,-154084.22029344016
1768,505527.62965277064
1769,-193396.74421257357
1770,919680.6802054317
1771,-1882361.8448578492
1772,-1318995.4564030129
1773,103571.60082794221
1774,86005.70109241702
1775,108142.1667450652
1776,-2706645.3886904684
1777,1014451.5821031772
1778,499824.57702278945
1779,391559.6255373033
1780,-56747.477980453405
1781,451439.3442588599
1782,-441675.7174554245
1783,69084.9334213022
1784,-63400.80532889371
1785,-380942.26257374504
1786,523665.47412034177
1787,144086.51904473559
1788,-2286005.9087026515
1789,272448.6064069415
1790,-699683.802741645
1791,-67502.61635844258
1792,-164347.8974733902
1793,-1108815.7814959092
1794,872174.23784172
1795,-1093750.8276786064
1796,-1091138.2857604027
1797,-1509062.724959888
1798,-83622.7727235753
1799,900668.494444204
1800,-1479881.3603101731
1801,-478237.62931131036
1802,-947600.8698305753
1803,211824.6432736091
1804,349733.6393127068
1805,536362.4046355328
1806,-85740.24104151409
1807,350866.4393080946
1808,744333.7149279926
1809,330274.37710996787
1810,-851116.8800901027
1811,1890838.4992403518
1812,216895.4126854141
1813,569907.9196834275
1814,223051.33223763824
1815,-100681.6840492069
1816,-392947.8437160146
1817,600255.7042320126
1818,-733235.0273090537
1819,73595.975572926
1820,179374.16086974775
1821,-755309.8604579516
1822,50654.758188632564
1823,1366582.4744430105
1824,-414987.5362866333
1825,-161961.9130490034
1826,-1005014.0639859451
1827,-307984.88666325895
1828,186517.48576452956
1829,959781.9654177147
1830,-551160.8443412936
1831,1377061.4902469516
1832,2569464.748088237
1833,1467918.1378678964
1834,440049.1846537487
1835,1909140.9825120661
1836,29738.55370234094
1837,-784774.348081619
1838,485261.4803628086
1839,-682853.5298108106
1840,642930.761367673
1841,425368.7114912842
1842,-1044052.0529083336
1843,66575.87665196296
1844,-2406252.299706608
1845,314059.9218080861
1846,-2154919.447670228
1847,-109251.0109730945
1848,1424522.6296086228
1849,942719.257726707
1850,-140016.89984754223
1851,737266.8991943425
1852,561750.5814330652
1853,648681.7122212211
1854,-675433.392183144
1855,267425.154256023
1856,569439.4781568225
1857,675397.8138647185
1858,-343983.5359760972
1859,223152.36560064903
1860,-679021.8413574866
1861,79289.81972516829
1862,686940.3036187005
1863,541955.9887955768
1864,541935.2907954131
1865,252504.76807000797
1866,302901.4139308694
1867,508143.1372612835
1868,292535.92545805
1869,331030.30068346584
1870,162684.31517431175
1871,208683.9841585505
1872,519249.5715545052
1873,313239.5384407406
1874,-3949.794192866524
1875,1058169.5884821354
1876,168491.58591861377
1877,3537.3009971982246
1878,-129069.51316725774
1879,229147.94614127662
1880,288048.34085405996
1881,633324.3232075035
1882,200791.29453052056
1883,400824.11982380546
1884,382734.63386674604
1885,423815.29206088587
1886,264523.95681392757
1887,224859.6369138585
1888,-253603.70073624217
1889,186841.54725715728
1890,1170539.895293923
1891,-1091964.9549091556
1892,-1713542.9066343666
1893,-18064.792331420453
1894,679988.2292967652
1895,614825.5478972693
1896,87571.05525433774
1897,-2123671.453171774
1898,122378.71158655082
1899,-394323.57112122927
1900,983565.1481708338
1901,430126.79955485236
1902,255256.93101136078
1903,370393.4003991767
1904,726536.5969221661
1905,55583.424732278116
1906,1876328.0020078695
1907,-1548870.4292447795
1908,865591.1573866061
1909,1970957.6289005843
1910,738527.929342163
1911,-730993.0975670096
1912,1944171.8692212594
1913,1618460.7818512945
1914,1618983.7163492818
1915,310335.66385213245
1916,365057.26524973335
1917,7202.963004291829
1918,577880.1888191544
1919,566070.8230735601
1920,-1133533.892452015
1921,-677825.1080773453
1922,-835445.8691413855
1923,-2216202.8446539287
1924,-347684.2882332113
1925,-985270.9960403467
1926,-430449.6915998269
1927,-180092.4905241562
1928,386053.9184517508
1929,-65891.94437278144
1930,-995371.5142305909
1931,1011941.5217659094
1932,642998.935617088
1933,910494.2067207912
1934,408649.35428754514
1935,436323.6516212677
1936,551708.9625996635
1937,515789.52320979204
1938,225467.82474388313
1939,920678.4068427332
1940,420834.3504929344
1941,412321.17567689583
1942,794343.0271789874
1943,-21405.848919409196
1944,608664.2201741228
1945,609795.3758199676
1946,-373248.11779579014
1947,657017.4914944094
1948,195726.21602379467
1949,231278.19147969957
1950,1057713.6774369422
1951,-761593.4909318899
1952,338136.9868844198
1953,-265302.7012552154
1954,1702691.11822274
1955,861344.3616419013
1956,-1299370.9125731126
1957,367528.8586489492
1958,513613.7760566747
1959,970841.6287730879
1960,-361475.4942876006
1961,704118.3042966557
1962,-504518.49827743974
1963,-72289.17629067472
1964,55893.78060940765
1965,475219.4978698083
1966,1040643.9022638808
1967,144294.07896855153
1968,518397.5012829741
1969,306365.2409428377
1970,243870.23328292326
1971,-252605.10699397087
1972,-62319.891432213015
1973,370677.27153915394
1974,82273.08310612892
1975,-92275.31653781293
1976,309542.97834847274
1977,146388.44534157624
1978,152429.30401907914
1979,67705.46335353346
1980,-15415.478469949667
1981,-94582.03587409755
1982,365576.37715910765
1983,27183.01496475791
1984,171246.33489310567
1985,115200.15341810732
1986,428552.03316025325
1987,458088.8761485671
1988,435973.8093317663
1989,272035.19447297696
1990,177095.6788800956
1991,104199.28239980315
1992,187134.41546772124
1993,328506.8755974378
1994,-132803.66669661613
1995,184313.8068188349
1996,-51603.77161055454
1997,673892.263643181
1998,169029.87935041147
1999,-205484.3011280563
2000,117256.3367894483
2001,-172071.1818726797
2002,-170849.22654756063
2003,391850.09937461355
2004,431704.6599733228
2005,-24052.392595962956
2006,-188081.30181469274
2007,319312.8238865505
2008,-453854.9472361454
2009,753634.038592007
2010,643842.1785358185
2011,88463.8380692173
2012,688970.3563497532
2013,-47388.7954708779
2014,-637600.1990609256
2015,-621334.9847656806
2016,285729.9714998001
2017,-494724.4933234997
2018,97376.9466694671
2019,260203.49137294054
2020,1253236.5075150565
2021,-1247465.0414158907
2022,113533.0232742607
2023,208813.10539276403
2024,-213705.7581198931
2025,471131.38974407193
2026,-509466.66438465414
2027,-224646.75892330235
2028,-82998.33802048789
2029,-217669.44314701908
2030,403760.8561040804
2031,10164.669741932958
2032,232386.31636771583
2033,173425.8014816671
2034,-784389.5790317791
2035,-181427.16431108845
2036,-252751.60337415518
2037,526654.7495330678
2038,-65177.33843479026
2039,520896.40012049075
2040,-378154.5052665322
2041,827210.5989036857
2042,223010.59480360211
2043,-1110325.4352847883
2044,-132256.350280132
2045,-461078.91634191654
2046,720690.2229986301
2047,510151.21757300344
2048,-847451.1721864237
2049,45142.16394395889
2050,502623.15303753415
2051,-739303.7812451056
2052,-1465689.1520649055
2053,349172.5033445174
2054,-1480926.5381256184
2055,-544777.990963932
2056,-980459.268362715
2057,138370.7223947381
2058,524998.5910856291
2059,-44017.0890231143
2060,-327878.74422615016
2061,226175.25524078126
2062,108347.85730607611
2063,-609333.888659859
2064,-98429.66836997867
2065,832572.8146681744
2066,-657879.0327930419
2067,-23289.222586954114
2068,-346989.297794538
2069,846337.8916719413
2070,338593.2882790957
2071,-89170.92273912637
2072,-548375.3967325889
2073,-599906.797713155
2074,-1582298.899668268
2075,723931.1809888496
2076,159765.0427933522
2077,-2108405.030132684
2078,-1110404.0626041577
2079,-122212.30955465339
2080,-1126334.0773688555
2081,-77105.23640526753
2082,417627.5639114092
2083,372606.44959994743
2084,-867462.5363471779
2085,-619472.3962782832
2086,296400.7846264139
2087,-108584.0430961193
2088,1819340.4184101503
2089,334708.6896804047
2090,485487.22162633826
2091,115332.06247259573
2092,242506.23015528737
2093,-1678100.9984206907
2094,-579551.2933130836
2095,1095413.4982757685
2096,-580180.6039004471
2097,104571.974434788
2098,-489004.6724749806
2099,-230926.83448139392
2100,609010.96281738
2101,675093.6479135895
2102,88459.08818348935
2103,-217791.71022633888
2104,1438478.345645302
2105,411618.22197454836
2106,872788.0633568454
2107,1533984.1544421208
2108,289951.612314466
2109,333470.2451651314
2110,1453301.757158325
2111,-103303.89080154218
2112,-405644.40707695537
2113,-326659.1087075426
2114,187199.3622263167
2115,-9484.517934220014
2116,1240247.9402790708
2117,388741.6239823079
2118,17707.05837260089
2119,-111576.4248815251
2120,-154222.68340303272
2121,-18154227.836220555
2122,-794252.2212439823
2123,249316.8806929551
2124,719272.9026668279
2125,295999.9711145038
2126,-237211.04777929868
2127,768176.701878035
2128,182461.74692343792
2129,264607.5938350625
2130,-1634274.5144892419
2131,953020.4766689442
2132,1003730.177850098
2133,552637.0045287698
2134,96831.57497010754
2135,1368174.5992822833
2136,-343478.1878375612
2137,-222560.3714373043
2138,-13571.378461508692
2139,312578.5877352042
2140,-308350.3292972978
2141,-2373621.0883275233
2142,-72900.42913999176
2143,567592.3685943137
2144,537891.4067855559
2145,-69074.110227469
2146,-1005500.5084596962
2147,-492278.02810845035
2148,1055410.2195449574
2149,507835.83719973796
2150,-173945.57348915757
2151,119277.78966939084
2152,830715.2966118088
2153,-1202703.9612288577
2154,927326.7649753707
2155,397101.2417960687
2156,-819224.3921090056
2157,-212279.1382424563
2158,69827.82629574068
2159,-144643.00738630694
2160,-110509.78825369565
2161,298895.1546157787
2162,-301605.1670647818
2163,621616.7601323093
2164,183835.00753684988
2165,665892.9477686055
2166,-92677.71905521734
2167,164973.38957464666
2168,180725.563786252
2169,358013.70714779693
2170,-2036321.197092528
2171,317092.2695221853
2172,94901.95878838524
2173,-154892.761375266
2174,98912.63441366972
2175,-19547.005254590287
2176,277729.6728203249
2177,-86851.72520552378
2178,558445.6576464858
2179,533396.7873496548
2180,630865.3602497503
2181,623000.2212898553
2182,-212480.95728341275
2183,130786.77447271168
2184,-1266349.175086481
2185,77005.1696504095
2186,122685.50102290024
2187,-1123889.9732527742
2188,547866.0079285933
2189,554373.9914935366
2190,422785.17399524816
2191,152204.3686643968
2192,2074334.458423731
2193,-506760.3942490384
2194,1112500.8642511084
2195,-13527320.277928812
2196,-2546504.7922519627
2197,-89543.05532097409
2198,101967.15301787622
2199,-1774507.4454838894
2200,-140501.09238111362
2201,225450.34222029304
2202,53651.142745365985
2203,772465.0894886383
2204,637658.5719863034
2205,-801604.4578610325
2206,-1120806.888360091
2207,-59420.31838782731
2208,623263.4860875189
2209,-1340873.2621012866
2210,488489.49116081354
2211,236454.6136392901
2212,480860.54791093507
2213,-440271.631688394
2214,573599.9608046904
2215,-422295.31002145034
2216,-554043.4335211691
2217,-3546842.8192211436
2218,2026214.3181468318
2219,-335791.1664444701
2220,3134189.9907975676
2221,316467.04291998973
2222,-127897.2358251453
2223,423173.9954732494
2224,1119090.2300550588
2225,-111997.83116063153
2226,457547.23743112216
2227,-600647.2141777448
2228,-425439.70815847005
2229,-572037.130145289
2230,-1214719.2073185975
2231,-251756.8369245436
2232,-669216.8334739489
2233,-1451712.3959747897
2234,-589788.531614123
2235,-270938.3553211451
2236,-563871.7794790572
2237,-930133.4917050193
2238,282216.6852793365
2239,-338207.50269189075
2240,458154.58585492155
2241,1081978.7354190336
2242,153248.83519380493
2243,786441.6283764458
2244,322520.2627826473
2245,-76155.42604806129
2246,-210519.82187770685
2247,444514.22294616356
2248,-84547.06976426928
2249,-118554.84859315926
2250,228579.18088147743
2251,628004.4136195385
2252,508549.2384080721
2253,-130409.00150901885
2254,-687758.511267597
2255,395902.5568695936
2256,314037.93060747534
2257,888822.529782164
2258,-40904.95060081326
2259,-66074.37206305144
2260,-342963.1071073937
2261,131726.91500907252
2262,205156.82282367506
2263,881564.9642551609
2264,-272344.15699618065
2265,3171985.282387203
2266,584140.0272514701
2267,330755.8180839975
2268,1504719.603821116
2269,-993331.8937844838
2270,393964.59502978047
2271,312958.62112388853
2272,-505271.7765209045
2273,492604.9429583941
2274,348489.455921679
2275,313826.111376121
2276,-1636850.0266391844
2277,833270.5002583581
2278,963099.9869732936
2279,-95032.1171240129
2280,-1045356.804015813
2281,596064.9920600501
2282,334460.64711538126
2283,-242223.6819937607
2284,-214504.40897474502
2285,468060.3461387356
2286,515940.46331032814
2287,439007.1679404623
2288,173003.0833490941
2289,195902.843271497
2290,258321.8144556831
2291,39560.477988681334
2292,52138.69177420049
2293,267672.03211448505
2294,-277880.17688137974
2295,-29433.610062131847
2296,45581.88616791325
2297,135248.99794737506
2298,428157.0614515589
2299,-28230.05531035071
2300,584930.8798778732
2301,654982.9734994138
2302,362881.3372634745
2303,-219317.45553836593
2304,-338286.23344056244
2305,78842.47437465824
2306,174192.32531537145
2307,507035.82659192587
2308,490456.47449964227
2309,123847.67062281958
2310,79483.66811054059
2311,324333.16479039536
2312,489902.3382726436
2313,348312.96778790536
2314,-55036.65573125344
2315,202625.00466727116
2316,390741.99510738236
2317,-483971.74417050986
2318,743370.3874397199
2319,548461.0796118819
2320,258983.8232057516
2321,634663.9456479806
2322,332064.8731525335
2323,289114.2415941021
2324,-454874.10308842245
2325,300543.5096405574
2326,-252818.02774690167
2327,332983.25086509093
2328,113795.59676283169
2329,238795.27775073616
2330,508532.65153460734
2331,390772.03441988025
2332,237833.7287647783
2333,244080.1526138708
2334,103238.03909859016
2335,-250183.39824345714
2336,153121.3914468374
2337,178486.21901442565
2338,55223.774625675505
2339,230567.61864566017
2340,-173130.53175043425
2341,187627.6251775577
2342,304681.7287825415
2343,322969.13711540744
2344,342854.4972523792
2345,-129249.9173159071
2346,-223912.24446657178
2347,-60060.82327658654
2348,292236.62953784765
2349,485484.4061439653
2350,631142.900592785
2351,224432.88098561333
2352,72473.34772260483
2353,468234.80804196344
2354,242710.7035766684
2355,552757.4988926621
2356,-222715.13049346377
2357,-8109.943536133607
2358,558142.2844169503
2359,99393.72749555002
2360,-1175149.7217679694
2361,-222816.4475848247
2362,-513839.2245715697
2363,-443918.2219814396
2364,-342455.24459713354
2365,300341.96042332967
2366,-441421.8736458167
2367,-413354.8539186179
2368,-133500.01266104926
2369,-13487.796514845642
2370,-315995.88084766775
2371,-128622.82316407005
2372,-1363660.4214298432
2373,-657176.1527590515
2374,403624.5769861574
2375,39550.76003053489
2376,182537.20560195023
2377,-930498.7782181806
2378,197637.46813300077
2379,866532.7059269144
2380,783908.3071595823
2381,1039.4851724257605
2382,25089.899481789165
2383,265428.95377352927
2384,624772.1071407979
2385,403867.27648500336
2386,-2153818.5842712345
2387,348411.71933950717
2388,434319.81663699896
2389,456513.56570384203
2390,195547.88452565635
2391,172742.3015703375
2392,254919.22140900226
2393,-254772.58669636073
2394,-131713.87226902638
2395,155804.67057474668
2396,-1875329.8943828666
2397,365913.08274033875
2398,-1360180.2272485998
2399,272884.1236833212
2400,-1309463.0320325168
2401,-1329500.707941962
2402,-77771.89427532104
2403,241136.19113528
2404,-2269039.9940794986
2405,-179314.6338663019
2406,688145.0170762604
2407,235188.36390769324
2408,412883.73061626934
2409,-37189.64416550624
2410,-1161075.1666822042
2411,-417657.1403022961
2412,-729245.4418824881
2413,440843.22191602335
2414,1609969.6941612707
2415,551979.7809380407
2416,491678.9915863437
2417,-575884.4392390993
2418,754228.1620570766
2419,192811.47139284742
2420,703989.0269339056
2421,294612.01666122297
2422,-358663.8211733838
2423,126595.86690357084
2424,917736.497809457
2425,1090017.9142711717
2426,880402.2035054453
2427,638087.3980078448
2428,-873031.2015647177
2429,-2022282.5853157216
2430,878407.2644480173
2431,578771.339787795
2432,-47017.18836201087
2433,-919750.3005502258
2434,-878781.0349012783
2435,-618396.2962098263
2436,43532.653833360484
2437,632540.223469104
2438,794470.3600736965
2439,114014.9457504356
2440,-160105.40864145232
2441,238450.8044242591
2442,321468.4478557768
2443,-64660.73889784026
2444,-282593.454990638
2445,-548897.4405977499
2446,-341644.5841466417
2447,633771.5687595296
2448,-1880195.7740307488
2449,454847.10950548464
2450,711439.0732497313
2451,641104.4954784131
2452,-140843.47940139106
2453,309795.7313959942
2454,333874.38080764393
2455,-395746.80078540096
2456,-337878.02351499646
2457,384605.52714142774
2458,373545.0559680344
2459,-660993.4255430145
2460,-104289.9179947396
2461,125220.70210216557
2462,331309.4827720154
2463,-1090335.6346920803
2464,-247072.4142233362
2465,-506885.6931549143
2466,-428100.3896945299
2467,-124257.84329575163
2468,-767272.5300349991
2469,-955155.6364937737
2470,609303.1584388649
2471,129928.23798467337
2472,482432.95232518757
2473,-390695.2090974003
2474,-1184220.5539009133
2475,877663.4819367061
2476,578785.2216871816
2477,918461.4472080637
2478,539094.1691250289
2479,-400259.0617054089
2480,123369.21721621476
2481,-295103.6440374874
2482,796524.932402535
2483,-144235.66309931356
2484,339143.7176432969
2485,-257360.3052245875
2486,314964.4831589636
2487,1898147.7083016583
2488,-1412992.1970280106
2489,12037.158641036382
2490,300528.4053615243
2491,-265474.3624596338
2492,-119257.39530253541
2493,1320830.6910423143
2494,-335858.5842805195
2495,1639413.5864172308
2496,982426.1034873946
2497,288906.6389149929
2498,-22040.31643283319
2499,421476.9729359913
2500,1394228.5838061399
2501,321769.6334930252
2502,1372542.4054141836
2503,670795.6174377152
2504,68535.17715088332
2505,756022.9226899074
2506,365314.3654066419
2507,109378.48197411971
2508,164715.9850308965
2509,163188.85365960695
2510,-153410.75892012508
2511,117711.21545276018
2512,598967.5635106585
2513,-710805.3716067768
2514,-13139264.86263266
2515,-442948.35580412834
2516,351062.83766976785
2517,648641.6011525287
2518,492383.95692058286
2519,58535.21482980218
2520,145071.83429290773
2521,62620.001453051125
2522,237215.20362272795
2523,764308.4368369719
2524,428906.57548012846
2525,253964.13931853825
2526,-76423.12494817388
2527,-118189.7176399378
2528,-511570.36340383405
2529,306024.8658194384
2530,276986.7323945263
2531,-74918.4344708285
2532,134689.00333064533
2533,451320.6780979917
2534,-221165.54017853056
2535,575301.1110544042
2536,959393.9334416095
2537,-323254.0409422295
2538,3405.08174135843
2539,371111.9501790173
2540,73052.03342531661
2541,289506.07602705446
2542,662388.1190025539
2543,374566.12114305684
2544,-898476.2105813192
2545,152420.64426142757
2546,183533.87744753785
2547,419905.10894786037
2548,12434.210160539733
2549,326520.92312240327
2550,-8408252.711045759
2551,-1106919.8539684624
2552,1108510.1319215358
2553,364045.1891484028
2554,134784.4348189649
2555,728708.3678612774
2556,413865.5612007755
2557,-472639.186062873
2558,-421751.0603958587
2559,296457.4164111631
2560,22359.63337217424
2561,457597.1059962451
2562,836227.9243445126
2563,449634.5494395331
2564,320271.4083659232
2565,760128.5017212736
2566,403678.969005654
2567,768837.3938885549
2568,-988251.1744671335
2569,-796898.1908562977
2570,614396.1864217347
2571,610195.2995742854
2572,731762.9293389687
2573,-300049.41254129604
2574,663356.2337885487
2575,-944522.8059970646
2576,2324065.600622367
2577,-106147.20910740498
2578,-166248.0442625937
2579,-242857.70232879807
2580,2784719.6636428433
2581,-225836.60514681
2582,662170.5347715921
2583,-315572.9727459822
2584,526039.8226773338
2585,95389.81557969046
2586,-748361.3969297592
2587,-105906.30689022853
2588,-874737.6741455673
2589,990828.7775133821
2590,-627890.4933706046
2591,-1208099.7597259427
2592,-812736.70857377
2593,-535551.3957442986
2594,-1424558.5126731326
2595,-543338.4688381989
2596,-824627.5950395783
2597,-933154.2368852596
2598,-671604.8634760535
2599,638264.4636696593
2600,1184984.0202364656
2601,481071.7611506987
2602,383518.6142351336
2603,-382583.57943626744
2604,347974.93415836483
2605,-1090176.711228645
2606,488113.0190730042
2607,146738.36986270244
2608,1636179.3659567651
2609,-557138.099675933
2610,177983.8695419976
2611,-13990795.03669206
2612,391022.59001350217
2613,223411.6553663628
2614,-334549.5764662929
2615,-676199.7006087691
2616,24392.373791706996
2617,1033219.8327284238
2618,395673.7641023108
2619,338804.3622273473
2620,439376.91764946474
2621,320106.088680931
2622,19715.508361483007
2623,259391.31670340674
2624,-32978.78068996775
2625,378459.3155897516
2626,-991917.0400231701
2627,431290.28544821456
2628,1464295.4270092836
2629,173031.7600425522
2630,267833.05901316757
2631,-120768.85340399545
2632,541380.3576526468
2633,913975.6385584647
2634,705973.5273412741
2635,641502.9137225514
2636,565097.409636823
2637,1181339.675343562
2638,-501772.09313985193
2639,205385.55855620117
2640,515685.0848617515
2641,-542454.8958722065
2642,433418.5868603937
2643,194825.57131539605
2644,1082259.934682462
2645,-393674.67433113296
2646,-260451.24945804552
2647,-17024.5748517725
2648,-525539.2474652719
2649,-541298.1907592184
2650,653098.3085730054
2651,200181.7936436917
2652,255931.3786574246
2653,285360.37252085307
2654,260353.84393493854
2655,-26971.91488948917
2656,126256.4717492329
2657,168016.3203311576
2658,186002.17669145035
2659,191455.6157279074
2660,97746.56163456691
2661,-197813.59816428967
2662,136940.9128092414
2663,-328511.3377700615
2664,179794.10192868795
2665,174270.28738661588
2666,125167.72082806153
2667,34148.7098529855
2668,182743.24252370273
2669,395765.8052605268
2670,190433.6487293588
2671,371791.6936812152
2672,363083.53084446857
2673,371018.6006747143
2674,507861.2493323795
2675,124886.97335678218
2676,690944.2840416841
2677,304395.23437573505
2678,844569.6187611066
2679,33348.36742159045
2680,220452.666798908
2681,81143.28507128726
2682,96820.66569740175
2683,201805.60712129786
2684,412059.097819577
2685,181697.17667203466
2686,-581840.434456381
2687,-755500.9983050125
2688,-93719.07517728163
2689,-304813.1341914422
2690,-81461.8078621155
2691,70880.87365334203
2692,203763.4299371483
2693,192661.84914527752
2694,-149403.7208452854
2695,334159.91592901753
2696,130318.64819396865
2697,432535.56454318884
2698,398565.60123956506
2699,-131157.14269206967
2700,-287647.40601314214
2701,-19168.98710769984
2702,14127.267129766129
2703,-320840.5614237835
2704,344665.71983397705
2705,-745317.2993611057
2706,-2604302.4563593315
2707,-646011.9410273406
2708,-548865.4711608022
2709,-32857.63228648958
2710,891756.6473024165
2711,726675.4655879138
2712,-13292.242956238086
2713,-325096.0420167286
2714,-342748.3454911309
2715,-116385.0578418897
2716,172125.7076110068
2717,-70709.85168602841
2718,-517362.55976452923
2719,408562.8411912667
2720,-842985.7424592545
2721,3490.7116948022885
2722,-1440389.1138353492
2723,361342.09360778105
2724,95013.38742372901
2725,21630.05269190554
2726,-1166532.7599412925
2727,1402330.4568220112
2728,-444552.421380337
2729,140132.53311285737
2730,535909.5531499828
2731,698200.0948656296
2732,-41040.58068911504
2733,1832755.1500787255
2734,868652.2872077131
2735,-1150686.4289743146
2736,307657.2407337422
2737,-389245.44377915544
2738,-100330.07511160173
2739,-381536.3069726193
2740,134186.43861254794
2741,282853.54235314816
2742,-1173959.805326276
2743,-3444089.955864282
2744,138670.01058922795
2745,325417.1716039755
2746,-1011791.4930131381
2747,437847.7212326674
2748,-769267.2029537087
2749,-97667.1468919816
2750,24096.320053681746
2751,-54714.03236392944
2752,-841687.6061292768
2753,1472210.9031218044
2754,1229459.5277589308
2755,-957538.949040617
2756,299182.7139612582
2757,1625559.0621292181
2758,969976.6594603314
2759,1109840.5918829702
2760,-2221400.478514457
2761,-464551.18551437824
2762,-393402.8280266611
2763,285339.80671327567
2764,-1413579.6659629582
2765,970409.6869369688
2766,1397788.839810553
2767,875020.2656786666
2768,749616.3022155482
2769,-391066.73142177233
2770,94784.53301477434
2771,-492150.29840537265
2772,1238038.513199776
2773,-454838.61088156723
2774,-1276772.0966793774
2775,1289041.6870117383
2776,-578000.9360251777
2777,253113.86601222842
2778,1347075.9397883
2779,664189.5484901017
2780,-3030415.895100641
2781,-414.93968403809413
2782,-1673233.9557058266
2783,-922638.439871595
2784,354231.0042077209
2785,-295448.3538966779
2786,667488.4505051696
2787,287682.0164509054
2788,249725.70564641606
2789,460686.8324507365
2790,-427754.3212464969
2791,-14743393.611009981
2792,2099281.004741451
2793,1877002.9944313504
2794,-757290.6154939078
2795,138041.97717882623
2796,-851310.4404649375
2797,180800.46603824198
2798,915355.5219504413
2799,390158.18261018937
2800,-297939.85111314355
2801,-266551.9960384466
2802,-261795.09857496066
2803,-350868.6117685979
2804,-802058.7736837977
2805,531374.5489522258
2806,-407190.25559557305
2807,-12582942.562997011
2808,-261055.93357174488
2809,-909373.3013832612
2810,-711431.2009682109
2811,-253560.7617637384
2812,-463412.04152224574
2813,-279632.18735399
2814,-494256.87088245165
2815,1248180.5020045731
2816,-93709.3417994295
2817,238985.6483888388
2818,-1600972.1963906782
2819,-1600654.5073341192
2820,232563.6589272886
2821,142551.30089338732
2822,101471.75253206464
2823,944250.3344651067
2824,-1398994.5015129223
2825,-740710.2802343123
2826,389980.04218405543
2827,767898.9996475261
2828,-411352.18369785225
2829,620773.3682160415
2830,-134932.09671008954
2831,-313138.95224682457
2832,26731.993828528604
2833,352505.67972472607
2834,160090.785549731
2835,12916.666204040826
2836,223620.53569170463
2837,-281171.91539385344
2838,210847.92867842922
2839,384059.29919580877
2840,105980.55898815802
2841,-61801.56779394962
2842,617713.1546303016
2843,507665.2870638526
2844,-430760.6840139838
2845,-95136.59757645777
2846,70759.95511410055
2847,474929.7709032979
2848,-230080.0166981527
2849,48327.72343113944
2850,293392.3780838902
2851,521866.95034210646
2852,-75492.72740407998
2853,806977.5784084419
2854,417418.6219772577
2855,-51623.89924941992
2856,600862.3713488557
2857,476146.5813640557
2858,713880.210328997
2859,1459353.5383235994
2860,-776446.3992687785
2861,645017.1794792586
2862,-48138.98920602689
2863,388966.8487088408
2864,539210.934887666
2865,-1154311.2320494642
2866,513629.2870510724
2867,234481.27762382664
2868,24214.564782963273
2869,235522.34671737216
2870,1003332.5676277555
2871,-624062.1625270734
2872,612327.9138253834
2873,617528.1294490821
2874,924715.7734639647
2875,605023.6951086081
2876,-8370.49523938504
2877,-55124.70988300908
2878,856724.3877864463
2879,1320090.6766409823
2880,932562.5935135777
2881,-278332.77635651414
2882,465566.70576581795
2883,-1261645.847559766
2884,647111.7626547265
2885,631126.4405306526
2886,-24315.764681920744
2887,907871.381277807
2888,-518960.174447663
2889,547687.5484568616
2890,541467.7333777063
2891,124783.0039840786
2892,2192701.9721792648
2893,2297457.3642096007
2894,2221076.007481501
2895,87781.0856079991
2896,-118212.25456158226
2897,-200938.20824645815
2898,1030240.1337745384
2899,233229.91651817964
2900,-219033.4017451568
2901,-1742043.4663179806
2902,-522592.4859720919
2903,-543797.505133277
2904,-582774.2907996157
2905,-17191274.94484084
2906,789936.0076536924
2907,567260.2409271507
2908,-168053.45793110583
2909,372032.07880044176
2910,503899.7159642856
2911,563167.1960994983
2912,160198.16561306582
2913,241842.61793800574
2914,486701.9860476286
2915,155610.8490082845
2916,368895.25222608744
2917,152941.34141727907
2918,-42984.64277538541
2919,367427.3061509003
